{"cameraMode":{"drawMode":0,"name":"Shaded","section":"Shading Mode"},"sceneLighting":false,"audioPlay":false,"sceneViewState":{"showFog":true,"showMaterialUpdate":true,"showSkybox":false,"showFlares":true,"showImageEffects":true,"showParticleSystems":true},"in2DMode":false,"pivot":{"x":27.80083465576172,"y":-48.99483108520508,"z":2.1083102226257326},"rotation":{"x":0.33357760310173037,"y":0.5904772281646729,"z":-0.2920169532299042,"w":0.6744046807289124},"size":10.294200897216797,"orthographic":false}