{"cameraMode":{"drawMode":0,"name":"Shaded","section":"Shading Mode"},"sceneLighting":false,"audioPlay":false,"sceneViewState":{"showFog":true,"showMaterialUpdate":true,"showSkybox":false,"showFlares":true,"showImageEffects":true,"showParticleSystems":true},"in2DMode":false,"pivot":{"x":37.096248626708987,"y":-105.55223846435547,"z":-0.1474003791809082},"rotation":{"x":0.3456385135650635,"y":0.30996403098106387,"z":-0.12208902835845947,"w":0.8772606253623962},"size":5.775477886199951,"orthographic":false}