{"cameraMode":{"drawMode":0,"name":"Shaded","section":"Shading Mode"},"sceneLighting":false,"audioPlay":false,"sceneViewState":{"showFog":true,"showMaterialUpdate":true,"showSkybox":false,"showFlares":true,"showImageEffects":true,"showParticleSystems":true},"in2DMode":false,"pivot":{"x":-65.194091796875,"y":-17.15130615234375,"z":7.765082359313965},"rotation":{"x":0.5026664733886719,"y":0.018419338390231134,"z":-0.010714598000049591,"w":0.8642256259918213},"size":13.20521354675293,"orthographic":false}