{"cameraMode":{"drawMode":0,"name":"Shaded","section":"Shading Mode"},"sceneLighting":false,"audioPlay":false,"sceneViewState":{"showFog":true,"showMaterialUpdate":true,"showSkybox":false,"showFlares":true,"showImageEffects":true,"showParticleSystems":true},"in2DMode":false,"pivot":{"x":55.47001266479492,"y":-126.08857727050781,"z":0.00722956657409668},"rotation":{"x":0.3456385135650635,"y":0.30996403098106387,"z":-0.12208902835845947,"w":0.8772606253623962},"size":6.7144646644592289,"orthographic":false}