{"cameraMode":{"drawMode":0,"name":"Shaded","section":"Shading Mode"},"sceneLighting":false,"audioPlay":false,"sceneViewState":{"showFog":true,"showMaterialUpdate":true,"showSkybox":false,"showFlares":true,"showImageEffects":true,"showParticleSystems":true},"in2DMode":false,"pivot":{"x":22.88977813720703,"y":50.61126708984375,"z":17.988372802734376},"rotation":{"x":-0.054808903485536578,"y":-0.5316823124885559,"z":0.034501321613788608,"w":-0.8444716930389404},"size":101.35166931152344,"orthographic":false}