{"cameraMode":{"drawMode":0,"name":"Shaded","section":"Shading Mode"},"sceneLighting":false,"audioPlay":false,"sceneViewState":{"showFog":true,"showMaterialUpdate":true,"showSkybox":false,"showFlares":true,"showImageEffects":true,"showParticleSystems":true},"in2DMode":false,"pivot":{"x":-1.233314037322998,"y":-0.23705291748046876,"z":-0.028041839599609376},"rotation":{"x":0.5014006495475769,"y":-0.01631169766187668,"z":0.009490981698036194,"w":0.865030825138092},"size":7.343400955200195,"orthographic":false}