{"cameraMode":{"drawMode":0,"name":"Shaded","section":"Shading Mode"},"sceneLighting":false,"audioPlay":false,"sceneViewState":{"showFog":true,"showMaterialUpdate":true,"showSkybox":false,"showFlares":true,"showImageEffects":true,"showParticleSystems":true},"in2DMode":false,"pivot":{"x":-1.2904759645462037,"y":-0.7618589401245117,"z":0.41038477420806887},"rotation":{"x":0.6749442219734192,"y":-0.02274734526872635,"z":0.02086656354367733,"w":0.7372472286224365},"size":6.714465618133545,"orthographic":false}