{"cameraMode":{"drawMode":0,"name":"Shaded","section":"Shading Mode"},"sceneLighting":false,"audioPlay":false,"sceneViewState":{"showFog":true,"showMaterialUpdate":true,"showSkybox":false,"showFlares":true,"showImageEffects":true,"showParticleSystems":true},"in2DMode":false,"pivot":{"x":14.378912925720215,"y":11.185675621032715,"z":-1.660305380821228},"rotation":{"x":-0.1763771027326584,"y":-0.6611431837081909,"z":0.16411027312278748,"w":-0.7105371952056885},"size":9.643967628479004,"orthographic":false}