{"cameraMode":{"drawMode":0,"name":"Shaded","section":"Shading Mode"},"sceneLighting":false,"audioPlay":false,"sceneViewState":{"showFog":true,"showMaterialUpdate":true,"showSkybox":false,"showFlares":true,"showImageEffects":true,"showParticleSystems":true},"in2DMode":false,"pivot":{"x":-0.5296673774719238,"y":-1.2200708389282227,"z":-0.37516260147094729},"rotation":{"x":0.5778053998947144,"y":0.038447387516498569,"z":-0.02722533792257309,"w":0.8148356676101685},"size":8.564234733581543,"orthographic":false}