{"cameraMode":{"drawMode":0,"name":"Shaded","section":"Shading Mode"},"sceneLighting":false,"audioPlay":false,"sceneViewState":{"showFog":true,"showMaterialUpdate":true,"showSkybox":false,"showFlares":true,"showImageEffects":true,"showParticleSystems":true},"in2DMode":false,"pivot":{"x":-1.0526864528656006,"y":-1.1073856353759766,"z":-1.7922234535217286},"rotation":{"x":0.5845105051994324,"y":-0.009209033101797104,"z":0.006673214957118034,"w":0.8113296031951904},"size":7.983724117279053,"orthographic":false}