{"cameraMode":{"drawMode":0,"name":"Shaded","section":"Shading Mode"},"sceneLighting":false,"audioPlay":false,"sceneViewState":{"showFog":true,"showMaterialUpdate":true,"showSkybox":false,"showFlares":true,"showImageEffects":true,"showParticleSystems":true},"in2DMode":false,"pivot":{"x":1.6602962017059327,"y":-0.5046424865722656,"z":-0.31350278854370119},"rotation":{"x":0.5610887408256531,"y":-0.015599788166582585,"z":0.010620449669659138,"w":0.8275619149208069},"size":6.607571125030518,"orthographic":false}