{"cameraMode":{"drawMode":0,"name":"Shaded","section":"Shading Mode"},"sceneLighting":false,"audioPlay":false,"sceneViewState":{"showFog":true,"showMaterialUpdate":true,"showSkybox":false,"showFlares":true,"showImageEffects":true,"showParticleSystems":true},"in2DMode":false,"pivot":{"x":-0.0000054836273193359378,"y":-0.0000040531158447265628,"z":0.01991128921508789},"rotation":{"x":0.4296419620513916,"y":0.02766326814889908,"z":-0.013134597800672055,"w":0.9024997353553772},"size":8.02593994140625,"orthographic":false}