{"cameraMode":{"drawMode":0,"name":"Shaded","section":"Shading Mode"},"sceneLighting":false,"audioPlay":false,"sceneViewState":{"showFog":true,"showMaterialUpdate":true,"showSkybox":false,"showFlares":true,"showImageEffects":true,"showParticleSystems":true},"in2DMode":false,"pivot":{"x":-9.588581085205079,"y":-49.78593826293945,"z":20.805021286010743},"rotation":{"x":0.581718921661377,"y":0.09513307362794876,"z":-0.06872189044952393,"w":0.8049006462097168},"size":39.15369415283203,"orthographic":false}