{"cameraMode":{"drawMode":0,"name":"Shaded","section":"Shading Mode"},"sceneLighting":false,"audioPlay":false,"sceneViewState":{"showFog":true,"showMaterialUpdate":true,"showSkybox":false,"showFlares":true,"showImageEffects":true,"showParticleSystems":true},"in2DMode":false,"pivot":{"x":0.000001430511474609375,"y":0.2451188564300537,"z":-0.0024938583374023439},"rotation":{"x":0.4296419620513916,"y":0.02766326814889908,"z":-0.013134597800672055,"w":0.9024997353553772},"size":8.124885559082032,"orthographic":false}