{"cameraMode":{"drawMode":0,"name":"Shaded","section":"Shading Mode"},"sceneLighting":false,"audioPlay":false,"sceneViewState":{"showFog":true,"showMaterialUpdate":true,"showSkybox":false,"showFlares":true,"showImageEffects":true,"showParticleSystems":true},"in2DMode":false,"pivot":{"x":-0.0000026226043701171877,"y":16.3026180267334,"z":0.002058267593383789},"rotation":{"x":-0.6607525944709778,"y":0.0015730290906503797,"z":-0.0013856786536052824,"w":-0.7506251335144043},"size":7.920912742614746,"orthographic":false}