{"cameraMode":{"drawMode":0,"name":"Shaded","section":"Shading Mode"},"sceneLighting":false,"audioPlay":false,"sceneViewState":{"showFog":true,"showMaterialUpdate":true,"showSkybox":false,"showFlares":true,"showImageEffects":true,"showParticleSystems":true},"in2DMode":false,"pivot":{"x":0.0,"y":2.384185791015625e-7,"z":0.0005896091461181641},"rotation":{"x":0.4296419620513916,"y":0.02766326814889908,"z":-0.013134597800672055,"w":0.9024997353553772},"size":9.218072891235352,"orthographic":false}