{"cameraMode":{"drawMode":0,"name":"Shaded","section":"Shading Mode"},"sceneLighting":false,"audioPlay":false,"sceneViewState":{"showFog":true,"showMaterialUpdate":true,"showSkybox":false,"showFlares":true,"showImageEffects":true,"showParticleSystems":true},"in2DMode":false,"pivot":{"x":-44.6181526184082,"y":50.04022216796875,"z":33.84026336669922},"rotation":{"x":-0.5366813540458679,"y":-0.15565288066864015,"z":0.10149043798446655,"w":-0.8230783939361572},"size":61.64413833618164,"orthographic":false}