{"cameraMode":{"drawMode":0,"name":"Shaded","section":"Shading Mode"},"sceneLighting":false,"audioPlay":false,"sceneViewState":{"showFog":true,"showMaterialUpdate":true,"showSkybox":false,"showFlares":true,"showImageEffects":true,"showParticleSystems":true},"in2DMode":false,"pivot":{"x":-8.711380004882813,"y":59.10298156738281,"z":19.931262969970704},"rotation":{"x":-0.11249557137489319,"y":-0.5601088404655457,"z":0.07710514962673187,"w":-0.8171241879463196},"size":61.64413833618164,"orthographic":false}