{"cameraMode":{"drawMode":0,"name":"Shaded","section":"Shading Mode"},"sceneLighting":false,"audioPlay":false,"sceneViewState":{"showFog":true,"showMaterialUpdate":true,"showSkybox":false,"showFlares":true,"showImageEffects":true,"showParticleSystems":true},"in2DMode":false,"pivot":{"x":23.684797286987306,"y":-89.58427429199219,"z":-0.12278556823730469},"rotation":{"x":0.5918056964874268,"y":0.07280941307544708,"z":-0.053758520632982257,"w":0.8010061383247376},"size":8.362690925598145,"orthographic":false}