{"cameraMode":{"drawMode":0,"name":"Shaded","section":"Shading Mode"},"sceneLighting":false,"audioPlay":false,"sceneViewState":{"showFog":true,"showMaterialUpdate":true,"showSkybox":false,"showFlares":true,"showImageEffects":true,"showParticleSystems":true},"in2DMode":false,"pivot":{"x":2.1137022972106935,"y":4.812924385070801,"z":8.500476837158204},"rotation":{"x":-0.3966919481754303,"y":-0.5363333225250244,"z":0.31519725918769839,"w":-0.6750309467315674},"size":7.920912742614746,"orthographic":false}