{"cameraMode":{"drawMode":0,"name":"Shaded","section":"Shading Mode"},"sceneLighting":false,"audioPlay":false,"sceneViewState":{"showFog":true,"showMaterialUpdate":true,"showSkybox":false,"showFlares":true,"showImageEffects":true,"showParticleSystems":true},"in2DMode":false,"pivot":{"x":-0.41460132598876955,"y":6.541269302368164,"z":12.733759880065918},"rotation":{"x":-0.21061551570892335,"y":-0.6795610189437866,"z":0.2137964963912964,"w":-0.6694350838661194},"size":8.658561706542969,"orthographic":false}