{"cameraMode":{"drawMode":0,"name":"Shaded","section":"Shading Mode"},"sceneLighting":false,"audioPlay":false,"sceneViewState":{"showFog":true,"showMaterialUpdate":true,"showSkybox":false,"showFlares":true,"showImageEffects":true,"showParticleSystems":true},"in2DMode":false,"pivot":{"x":43.25531768798828,"y":-48.167484283447269,"z":3.443146228790283},"rotation":{"x":-0.3013323247432709,"y":-0.5177028775215149,"z":0.20127852261066438,"w":-0.7750393748283386},"size":10.886688232421875,"orthographic":false}