{"cameraMode":{"drawMode":0,"name":"Shaded","section":"Shading Mode"},"sceneLighting":false,"audioPlay":false,"sceneViewState":{"showFog":true,"showMaterialUpdate":true,"showSkybox":false,"showFlares":true,"showImageEffects":true,"showParticleSystems":true},"in2DMode":false,"pivot":{"x":153.4633331298828,"y":100.36568450927735,"z":102.1917724609375},"rotation":{"x":-0.060958750545978549,"y":-0.8532354235649109,"z":0.10307673364877701,"w":-0.5076112747192383},"size":4.469379425048828,"orthographic":false}