{"cameraMode":{"drawMode":0,"name":"Shaded","section":"Shading Mode"},"sceneLighting":false,"audioPlay":false,"sceneViewState":{"showFog":true,"showMaterialUpdate":true,"showSkybox":false,"showFlares":true,"showImageEffects":true,"showParticleSystems":true},"in2DMode":false,"pivot":{"x":39.52741241455078,"y":-93.82970428466797,"z":0.5995731353759766},"rotation":{"x":0.5013728737831116,"y":0.2844308316707611,"z":-0.1788146197795868,"w":0.797362744808197},"size":10.997383117675782,"orthographic":false}