{"cameraMode":{"drawMode":0,"name":"Shaded","section":"Shading Mode"},"sceneLighting":false,"audioPlay":false,"sceneViewState":{"showFog":true,"showMaterialUpdate":true,"showSkybox":false,"showFlares":true,"showImageEffects":true,"showParticleSystems":true},"in2DMode":false,"pivot":{"x":21.710430145263673,"y":-108.50773620605469,"z":5.351352691650391},"rotation":{"x":0.5760207772254944,"y":0.10523704439401627,"z":-0.0750669315457344,"w":0.8071717023849487},"size":16.400558471679689,"orthographic":false}