{"cameraMode":{"drawMode":0,"name":"Shaded","section":"Shading Mode"},"sceneLighting":false,"audioPlay":false,"sceneViewState":{"showFog":true,"showMaterialUpdate":true,"showSkybox":false,"showFlares":true,"showImageEffects":true,"showParticleSystems":true},"in2DMode":false,"pivot":{"x":43.967105865478519,"y":-12.30146312713623,"z":37.417755126953128},"rotation":{"x":0.05044834315776825,"y":0.47349813580513,"z":-0.02712942287325859,"w":0.8789548873901367},"size":47.81123352050781,"orthographic":false}