{"cameraMode":{"drawMode":0,"name":"Shaded","section":"Shading Mode"},"sceneLighting":false,"audioPlay":false,"sceneViewState":{"showFog":true,"showMaterialUpdate":true,"showSkybox":false,"showFlares":true,"showImageEffects":true,"showParticleSystems":true},"in2DMode":false,"pivot":{"x":-13.397445678710938,"y":0.0,"z":9.999980926513672},"rotation":{"x":-0.06325769424438477,"y":-0.7208316326141357,"z":0.06636118143796921,"w":-0.6870294213294983},"size":202.26766967773438,"orthographic":false}