{"cameraMode":{"drawMode":0,"name":"Shaded","section":"Shading Mode"},"sceneLighting":false,"audioPlay":false,"sceneViewState":{"showFog":true,"showMaterialUpdate":true,"showSkybox":false,"showFlares":true,"showImageEffects":true,"showParticleSystems":true},"in2DMode":false,"pivot":{"x":4.76837158203125e-7,"y":0.0006546080112457275,"z":0.009733915328979493},"rotation":{"x":0.4296419620513916,"y":0.02766326814889908,"z":-0.013134597800672055,"w":0.9024997353553772},"size":8.931754112243653,"orthographic":false}