{"cameraMode":{"drawMode":0,"name":"Shaded","section":"Shading Mode"},"sceneLighting":false,"audioPlay":false,"sceneViewState":{"showFog":true,"showMaterialUpdate":true,"showSkybox":false,"showFlares":true,"showImageEffects":true,"showParticleSystems":true},"in2DMode":false,"pivot":{"x":10.699999809265137,"y":8.220000267028809,"z":8.710000038146973},"rotation":{"x":-0.1732984185218811,"y":-0.751968264579773,"z":0.21811045706272126,"w":-0.5974558591842651},"size":14.757074356079102,"orthographic":false}