{"cameraMode":{"drawMode":0,"name":"Shaded","section":"Shading Mode"},"sceneLighting":false,"audioPlay":false,"sceneViewState":{"showFog":true,"showMaterialUpdate":true,"showSkybox":false,"showFlares":true,"showImageEffects":true,"showParticleSystems":true},"in2DMode":false,"pivot":{"x":26.109092712402345,"y":18.629379272460939,"z":1.8505706787109376},"rotation":{"x":-0.4342016279697418,"y":-0.1363821029663086,"z":0.06668922305107117,"w":-0.8879377841949463},"size":115.19532775878906,"orthographic":false}