{"cameraMode":{"drawMode":0,"name":"Shaded","section":"Shading Mode"},"sceneLighting":false,"audioPlay":false,"sceneViewState":{"showFog":true,"showMaterialUpdate":true,"showSkybox":false,"showFlares":true,"showImageEffects":true,"showParticleSystems":true},"in2DMode":false,"pivot":{"x":19.664623260498048,"y":6.733658313751221,"z":-1.021730899810791},"rotation":{"x":-0.1732984185218811,"y":-0.751968264579773,"z":0.21811045706272126,"w":-0.5974558591842651},"size":2.8099825382232668,"orthographic":false}