{"cameraMode":{"drawMode":0,"name":"Shaded","section":"Shading Mode"},"sceneLighting":false,"audioPlay":false,"sceneViewState":{"showFog":true,"showMaterialUpdate":true,"showSkybox":false,"showFlares":true,"showImageEffects":true,"showParticleSystems":true},"in2DMode":false,"pivot":{"x":6.062102794647217,"y":-2.4524755477905275,"z":4.588306903839111},"rotation":{"x":-0.53199702501297,"y":-0.028697777539491655,"z":0.018041858449578286,"w":-0.8460903763771057},"size":8.777054786682129,"orthographic":false}