{"cameraMode":{"drawMode":0,"name":"Shaded","section":"Shading Mode"},"sceneLighting":false,"audioPlay":false,"sceneViewState":{"showFog":true,"showMaterialUpdate":true,"showSkybox":false,"showFlares":true,"showImageEffects":true,"showParticleSystems":true},"in2DMode":false,"pivot":{"x":39.443092346191409,"y":-125.66152954101563,"z":1.5568718910217286},"rotation":{"x":0.3456385135650635,"y":0.30996403098106387,"z":-0.12208902835845947,"w":0.8772606253623962},"size":6.796457767486572,"orthographic":false}