{"cameraMode":{"drawMode":0,"name":"Shaded","section":"Shading Mode"},"sceneLighting":false,"audioPlay":false,"sceneViewState":{"showFog":true,"showMaterialUpdate":true,"showSkybox":false,"showFlares":true,"showImageEffects":true,"showParticleSystems":true},"in2DMode":false,"pivot":{"x":0.18134868144989015,"y":-26.778968811035158,"z":2.7573413848876955},"rotation":{"x":-0.6421496272087097,"y":-0.10455372929573059,"z":0.08897556364536286,"w":-0.7542153000831604},"size":22.821388244628908,"orthographic":false}