{"cameraMode":{"drawMode":0,"name":"Shaded","section":"Shading Mode"},"sceneLighting":false,"audioPlay":false,"sceneViewState":{"showFog":true,"showMaterialUpdate":true,"showSkybox":false,"showFlares":true,"showImageEffects":true,"showParticleSystems":true},"in2DMode":false,"pivot":{"x":7.407696723937988,"y":0.04136991500854492,"z":4.19647216796875},"rotation":{"x":0.10717327147722244,"y":-0.3989430069923401,"z":0.04704330489039421,"w":0.9094948768615723},"size":6.620762825012207,"orthographic":false}