{"cameraMode":{"drawMode":0,"name":"Shaded","section":"Shading Mode"},"sceneLighting":false,"audioPlay":false,"sceneViewState":{"showFog":true,"showMaterialUpdate":true,"showSkybox":false,"showFlares":true,"showImageEffects":true,"showParticleSystems":true},"in2DMode":false,"pivot":{"x":2.91398286819458,"y":7.905272483825684,"z":0.4414193630218506},"rotation":{"x":-0.19255012273788453,"y":-0.6212880611419678,"z":0.16116096079349519,"w":-0.7422714233398438},"size":3.0965723991394045,"orthographic":false}