{"cameraMode":{"drawMode":0,"name":"Shaded","section":"Shading Mode"},"sceneLighting":false,"audioPlay":false,"sceneViewState":{"showFog":true,"showMaterialUpdate":true,"showSkybox":false,"showFlares":true,"showImageEffects":true,"showParticleSystems":true},"in2DMode":false,"pivot":{"x":1.6040096282958985,"y":0.8183059692382813,"z":0.5514051914215088},"rotation":{"x":0.35503411293029787,"y":0.5343722105026245,"z":-0.26326441764831545,"w":0.7205025553703308},"size":7.2067131996154789,"orthographic":false}