{"cameraMode":{"drawMode":0,"name":"Shaded","section":"Shading Mode"},"sceneLighting":false,"audioPlay":false,"sceneViewState":{"showFog":true,"showMaterialUpdate":true,"showSkybox":false,"showFlares":true,"showImageEffects":true,"showParticleSystems":true},"in2DMode":false,"pivot":{"x":21.393798828125,"y":-127.55012512207031,"z":-0.8952856063842773},"rotation":{"x":0.5244450569152832,"y":0.08707025647163391,"z":-0.05398726835846901,"w":0.8452802300453186},"size":7.206713676452637,"orthographic":false}