{"cameraMode":{"drawMode":0,"name":"Shaded","section":"Shading Mode"},"sceneLighting":false,"audioPlay":false,"sceneViewState":{"showFog":true,"showMaterialUpdate":true,"showSkybox":false,"showFlares":true,"showImageEffects":true,"showParticleSystems":true},"in2DMode":false,"pivot":{"x":24.825031280517579,"y":8.972091674804688,"z":12.37567138671875},"rotation":{"x":-0.1763771027326584,"y":-0.6611431837081909,"z":0.16411027312278748,"w":-0.7105371952056885},"size":23.866039276123048,"orthographic":false}