{"cameraMode":{"drawMode":0,"name":"Shaded","section":"Shading Mode"},"sceneLighting":false,"audioPlay":false,"sceneViewState":{"showFog":true,"showMaterialUpdate":true,"showSkybox":false,"showFlares":true,"showImageEffects":true,"showParticleSystems":true},"in2DMode":false,"pivot":{"x":-29.399999618530275,"y":0.2576780319213867,"z":-17.132381439208986},"rotation":{"x":0.67304927110672,"y":0.0013439211761578918,"z":-0.0012139815371483565,"w":0.7396159768104553},"size":8.959907531738282,"orthographic":false}