{"cameraMode":{"drawMode":0,"name":"Shaded","section":"Shading Mode"},"sceneLighting":false,"audioPlay":false,"sceneViewState":{"showFog":true,"showMaterialUpdate":true,"showSkybox":false,"showFlares":true,"showImageEffects":true,"showParticleSystems":true},"in2DMode":false,"pivot":{"x":1.598386526107788,"y":-1.6809234619140626,"z":-0.5488157272338867},"rotation":{"x":0.4822753667831421,"y":0.16422118246555329,"z":-0.09253248572349549,"w":0.8555203080177307},"size":7.6553568840026859,"orthographic":false}