{"cameraMode":{"drawMode":0,"name":"Shaded","section":"Shading Mode"},"sceneLighting":false,"audioPlay":false,"sceneViewState":{"showFog":true,"showMaterialUpdate":true,"showSkybox":false,"showFlares":true,"showImageEffects":true,"showParticleSystems":true},"in2DMode":false,"pivot":{"x":1.0643317699432374,"y":-48.510711669921878,"z":5.857982635498047},"rotation":{"x":0.02212367206811905,"y":-0.7619481086730957,"z":0.6467611193656921,"w":0.02612399123609066},"size":56.08716583251953,"orthographic":false}