{"cameraMode":{"drawMode":0,"name":"Shaded","section":"Shading Mode"},"sceneLighting":false,"audioPlay":false,"sceneViewState":{"showFog":true,"showMaterialUpdate":true,"showSkybox":false,"showFlares":true,"showImageEffects":true,"showParticleSystems":true},"in2DMode":false,"pivot":{"x":6.916581153869629,"y":7.995591163635254,"z":4.793885231018066},"rotation":{"x":-0.1732984185218811,"y":-0.751968264579773,"z":0.21811045706272126,"w":-0.5974558591842651},"size":4.401577949523926,"orthographic":false}