{"cameraMode":{"drawMode":0,"name":"Shaded","section":"Shading Mode"},"sceneLighting":false,"audioPlay":false,"sceneViewState":{"showFog":true,"showMaterialUpdate":true,"showSkybox":false,"showFlares":true,"showImageEffects":true,"showParticleSystems":true},"in2DMode":false,"pivot":{"x":-2.309999942779541,"y":5.0,"z":-0.025593280792236329},"rotation":{"x":0.6596199870109558,"y":0.002488440368324518,"z":-0.002183650154620409,"w":0.7516037225723267},"size":3.0207624435424806,"orthographic":false}