{"cameraMode":{"drawMode":0,"name":"Shaded","section":"Shading Mode"},"sceneLighting":false,"audioPlay":false,"sceneViewState":{"showFog":true,"showMaterialUpdate":true,"showSkybox":false,"showFlares":true,"showImageEffects":true,"showParticleSystems":true},"in2DMode":false,"pivot":{"x":103.55938720703125,"y":102.92900848388672,"z":89.5299072265625},"rotation":{"x":-0.017999129369854928,"y":-0.9366275668144226,"z":0.3464769124984741,"w":-0.04864731431007385},"size":16.226167678833009,"orthographic":false}